{
  "n": 10,
  "m": 10,
  "map_input_size": 1,
  "a": 1.0,
  "b": 1.0,
  "gamma": 0.5,
  "som": {
    "v": 1,
    "dim": [
      10,
      10,
      1
    ],
    "data": [
      0.28649697,
      0.23985644,
      0.19307631,
      0.14619364,
      0.099238224,
      0.052244008,
      0.0052424376,
      -0.04173308,
      -0.08864947,
      -0.1354761,
      0.24020573,
      0.19346827,
      0.14660457,
      0.09964771,
      0.052629504,
      0.0055822986,
      -0.041461043,
      -0.08846741,
      -0.13540505,
      -0.18223909,
      0.19377701,
      0.1469549,
      0.100017965,
      0.052997548,
      0.0059266053,
      -0.04116152,
      -0.088236526,
      -0.1352627,
      -0.18220755,
      -0.22904319,
      0.14724366,
      0.10034889,
      0.053347576,
      0.006275403,
      -0.040837064,
      -0.08795696,
      -0.13505076,
      -0.18208708,
      -0.22903083,
      -0.27585316,
      0.10063879,
      0.05368016,
      0.006628183,
      -0.040486485,
      -0.08762955,
      -0.13476893,
      -0.1818723,
      -0.22890688,
      -0.2758382,
      -0.32263687,
      0.053993784,
      0.0069835866,
      -0.040109612,
      -0.087254606,
      -0.13441853,
      -0.18156666,
      -0.22866872,
      -0.27569032,
      -0.32260045,
      -0.36936346,
      0.007342176,
      -0.03970918,
      -0.08683376,
      -0.13399778,
      -0.18117009,
      -0.22831719,
      -0.2754059,
      -0.32240438,
      -0.3692779,
      -0.41599727,
      -0.039284408,
      -0.08636657,
      -0.13350998,
      -0.18068404,
      -0.22785433,
      -0.27498794,
      -0.32205424,
      -0.3690169,
      -0.4158473,
      -0.46251073,
      -0.08585302,
      -0.13295412,
      -0.18010716,
      -0.22727862,
      -0.2744358,
      -0.32154813,
      -0.36857817,
      -0.41549572,
      -0.46227214,
      -0.5088672,
      -0.13233232,
      -0.17944244,
      -0.22659245,
      -0.27375287,
      -0.3208846,
      -0.36795998,
      -0.4149472,
      -0.46181244,
      -0.50851834,
      -0.5550379
    ]
  },
  "context": {
    "v": 1,
    "dim": [
      10,
      10,
      1
    ],
    "data": [
      -0.09446138,
      -0.11137737,
      -0.12828635,
      -0.14517565,
      -0.1620335,
      -0.17884475,
      -0.19559802,
      -0.21228257,
      -0.22888294,
      -0.24538918,
      -0.07362196,
      -0.09053224,
      -0.10744093,
      -0.124334656,
      -0.14120151,
      -0.15802893,
      -0.17480326,
      -0.19151285,
      -0.20814426,
      -0.22468628,
      -0.052740645,
      -0.06964101,
      -0.086544625,
      -0.103439145,
      -0.120311424,
      -0.13714941,
      -0.1539402,
      -0.17067051,
      -0.18732923,
      -0.20390233,
      -0.031832386,
      -0.048718005,
      -0.06561258,
      -0.08250365,
      -0.09937733,
      -0.11622173,
      -0.13302447,
      -0.14977269,
      -0.1664525,
      -0.18305387,
      -0.010913177,
      -0.027780363,
      -0.04466136,
      -0.061543923,
      -0.07841525,
      -0.095262244,
      -0.112072565,
      -0.128833,
      -0.1455319,
      -0.16215673,
      0.010001378,
      -0.0068429485,
      -0.023706466,
      -0.04057673,
      -0.05744048,
      -0.07428605,
      -0.091099665,
      -0.10786992,
      -0.12458317,
      -0.14122614,
      0.030895168,
      0.0140777575,
      -0.0027641708,
      -0.019617898,
      -0.036470428,
      -0.05330939,
      -0.070122674,
      -0.086897135,
      -0.1036198,
      -0.12027884,
      0.05175267,
      0.034966517,
      0.018150616,
      0.0013178313,
      -0.015519478,
      -0.03234832,
      -0.0491564,
      -0.0659314,
      -0.08265957,
      -0.099329375,
      0.072558336,
      0.055807397,
      0.039021887,
      0.022213688,
      0.005396181,
      -0.011418664,
      -0.028216984,
      -0.044987965,
      -0.061718203,
      -0.078394145,
      0.09329629,
      0.07658468,
      0.059833188,
      0.04305441,
      0.026260916,
      0.009465131,
      -0.0073205144,
      -0.024083296,
      -0.040809877,
      -0.057489086
    ]
  }
}